Make,Colour,Odometer,Doors,Price
Ferrari,Pink,135991,5,22132
Nissan,Red,12396,2,21557
Ford,Blue,94082,2,20199
Ferrari,White,138322,4,5841
BMW,Green,142663,2,12197
Ford,Green,21303,5,10016
Ford,Black,171633,5,9011
Ferrari,Red,259690,4,6493
Honda,White,269820,5,19058
BMW,Red,109616,5,26472
Ferrari,White,96231,4,10578
BMW,Black,279458,5,4158
BMW,Black,29623,5,21045
Ford,Green,208747,5,4064
Nissan,Red,115228,2,5253
BMW,Yellow,192828,4,23363
Chevrolet,Green,167364,4,26087
Ford,Red,79274,4,14828
Honda,Green,143541,2,27315
Nissan,Yellow,63947,2,3401
Chevrolet,Blue,163606,4,21643
Chevrolet,Blue,204692,2,17193
Honda,Blue,58874,4,28853
Nissan,Blue,59708,2,14096
Ford,Pink,84553,5,22307
Toyota,White,78344,5,6214
Nissan,Pink,195374,4,21611
Honda,Pink,57638,2,13023
Chevrolet,Pink,88249,2,13950
Ford,Blue,12719,5,12704
Nissan,Yellow,163962,5,12343
Toyota,Black,52534,2,13867
Toyota,Black,102241,2,4745
BMW,White,136209,2,24475
BMW,Blue,199004,2,5866
Ferrari,Blue,102124,2,13956
Honda,Blue,101659,2,7818
Nissan,Green,174134,4,20606
Nissan,Red,85713,2,18093
Ferrari,Green,228335,5,21176
Chevrolet,Red,85418,4,28273
Chevrolet,Blue,138232,2,17493
Ferrari,Blue,173038,5,22447
Chevrolet,Green,178383,4,19908
BMW,Green,268722,5,10224
Nissan,Red,142079,2,24582
Ferrari,Black,212053,2,6025
Nissan,Red,86242,2,20950
Toyota,Green,188589,2,21187
BMW,Yellow,39257,4,22093
Ford,Green,154353,4,8155
BMW,Yellow,273579,5,15839
Ferrari,White,239947,2,2719
Ford,Green,241758,5,16890
Toyota,White,101357,4,24900
Ferrari,Black,167732,2,22963
Honda,Red,213667,2,19356
Nissan,Yellow,93807,4,22102
Toyota,Red,148563,4,25779
Nissan,White,268778,4,22786
Chevrolet,Yellow,191264,4,22936
Honda,Red,83609,4,20591
Honda,Green,281221,2,6426
Toyota,Blue,258512,4,25303
Honda,White,263973,2,14512
Ford,Red,293097,2,29606
Honda,White,164893,4,17064
Nissan,Pink,125374,4,15767
Nissan,White,34860,2,13308
Ferrari,Yellow,162267,4,13477
Nissan,Pink,87475,4,27219
Ferrari,Yellow,162499,4,14903
Nissan,Blue,299227,5,26770
Ford,Pink,228118,2,10680
Ferrari,Green,133786,5,4204
BMW,White,17813,4,29233
Chevrolet,Red,41598,5,23729
Toyota,Black,267951,4,21660
Nissan,White,103106,5,3102
Honda,White,299226,4,7243
Nissan,Blue,237286,5,8614
Honda,Green,21745,5,18299
Chevrolet,Black,298173,5,27817
Chevrolet,Pink,154097,2,10707
Chevrolet,Pink,242732,5,15913
Honda,Pink,155360,2,23607
Nissan,Yellow,99186,4,26968
Chevrolet,Yellow,223030,5,2630
Ford,Red,209950,4,13908
Ferrari,Black,51846,4,28423
Honda,Pink,158554,5,12847
Honda,Yellow,295555,2,11171
Nissan,Red,294186,5,14721
Honda,Green,62930,4,29978
Honda,Red,258656,4,25067
Chevrolet,Yellow,254459,5,18661
Nissan,Blue,234695,2,18616
Chevrolet,Blue,63268,2,11744
Ferrari,Pink,222943,4,7690
Ferrari,Blue,268916,4,15401
Chevrolet,Pink,194403,2,9659
Ferrari,Pink,58901,5,29846
Nissan,Yellow,204488,4,12601
Toyota,Blue,173268,2,13704
Chevrolet,Pink,277770,4,2025
Ford,Black,148496,5,17384
Ford,Green,285001,2,15705
Honda,Red,251531,4,25852
Ferrari,Red,256693,5,24794
Ford,Yellow,189362,4,10652
Honda,Blue,36431,5,22148
Toyota,Blue,248360,5,24983
Nissan,Pink,36385,2,15379
Nissan,White,290783,5,23486
Nissan,Pink,95530,4,9006
Ford,Green,240983,5,21867
Toyota,Black,293707,5,20378
Ford,Red,215390,2,10682
Ferrari,Pink,253373,5,3072
Ford,White,171779,5,25091
Toyota,White,180182,4,29749
Toyota,Pink,202860,2,2215
Ferrari,Yellow,92879,2,25989
Toyota,Red,248260,2,11915
Toyota,Yellow,156323,5,11784
Nissan,Black,132413,2,20990
Ferrari,White,272670,5,26734
BMW,White,57837,5,16824
BMW,Green,270550,4,23165
Toyota,Black,283680,4,5313
BMW,White,38541,4,13033
BMW,Black,89083,4,11968
Toyota,Red,44531,4,18241
BMW,Blue,280856,5,28628
Ford,White,84744,5,26147
Honda,Green,262859,2,7939
Ferrari,Red,139749,5,16696
Honda,Pink,277253,5,16794
Toyota,Black,241809,4,4295
Nissan,Pink,92503,5,24069
Ferrari,Yellow,264346,4,3696
Toyota,Red,95708,2,13185
Nissan,Pink,201184,2,29045
Honda,White,112471,5,20330
Toyota,Black,264225,2,14001
Ferrari,Blue,167661,5,16350
Ferrari,Red,171087,2,21167
Chevrolet,White,170081,4,5644
Ford,Green,203118,4,23625
BMW,Yellow,167215,4,8420
Nissan,Black,16154,4,29076
Chevrolet,Red,162876,5,25941
BMW,Red,74288,2,13837
BMW,Blue,61195,5,21029
Toyota,Blue,292725,4,24973
BMW,Green,191002,5,8353
Ford,Yellow,174053,2,12541
Ferrari,Green,79298,5,3932
Chevrolet,White,216376,2,13486
BMW,White,49499,5,3757
Toyota,Green,179631,2,7085
Ford,Yellow,255198,2,7637
Honda,Green,252997,4,3116
Ferrari,Yellow,106347,2,12759
Ferrari,Yellow,215735,4,13691
Chevrolet,Pink,32431,4,2492
Ferrari,Black,204555,4,29882
BMW,Yellow,132720,5,10811
Toyota,Blue,59153,5,29808
Ferrari,Yellow,278512,5,26272
Ferrari,Yellow,186076,5,8474
Honda,Yellow,229724,2,28956
Honda,Pink,66985,2,16385
Nissan,Pink,118737,5,11738
Ford,White,222133,2,23342
BMW,Pink,164470,2,15979
Ferrari,Blue,239465,4,13755
Ferrari,Blue,60861,4,11797
Toyota,Pink,222977,4,16607
Nissan,Green,137118,4,14867
Ford,Black,206713,2,28466
Nissan,Pink,19078,5,27851
Chevrolet,Yellow,61047,2,21127
Ford,Red,245458,2,9866
Ferrari,Black,225048,2,17449
Ferrari,Black,246293,4,12685
Ford,Blue,127832,4,25544
Ferrari,Black,135150,4,7451
BMW,Pink,167087,5,23642
Ford,Yellow,43320,2,10548
Nissan,Yellow,100827,5,9186
Ford,White,269931,4,8102
Ferrari,Yellow,34826,5,27445
BMW,Yellow,110734,2,27461
BMW,Blue,167702,2,28577
Chevrolet,Yellow,239834,4,27859
Nissan,White,187235,4,2619
Honda,Red,108511,5,2882
Honda,Pink,283797,4,27372
Ford,Blue,169033,4,5642
Chevrolet,Red,91941,2,3296
Toyota,Blue,215209,4,16122
Ford,Green,108818,4,26820
Chevrolet,Black,162360,2,4895
Nissan,Green,263627,2,24977
Nissan,Yellow,105081,5,19313
Nissan,Red,46877,4,7366
Nissan,Yellow,221957,2,10711
Nissan,Black,82715,5,21596
Chevrolet,Blue,151398,5,20793
Chevrolet,Black,120091,4,10199
BMW,White,142632,4,12717
Honda,Black,93186,5,5423
Ferrari,White,172962,2,12211
Nissan,Black,161094,5,14782
Toyota,Pink,80316,4,25360
Ferrari,White,38380,2,25978
Chevrolet,Red,120198,2,23542
Toyota,Yellow,274500,5,14474
Toyota,Yellow,80326,4,5667
Toyota,Green,124994,5,29377
BMW,Yellow,230971,5,24357
Chevrolet,Blue,292193,5,24620
Toyota,Pink,288226,2,10277
Nissan,Black,272805,2,29691
Ford,Green,178484,4,14424
Toyota,Blue,275064,4,20852
BMW,Blue,255378,5,24601
Ferrari,White,281090,5,22003
Chevrolet,Yellow,235314,5,20020
BMW,Red,245612,4,10155
Toyota,Red,288453,2,5583
Chevrolet,Green,65230,2,17515
Ford,Pink,69321,5,6009
Toyota,Red,142028,5,21710
BMW,Black,241447,5,12410
Honda,Red,298107,5,26532
Nissan,Green,111757,4,20601
Ferrari,Red,276847,2,6967
BMW,Black,206200,5,20753
Chevrolet,White,82099,4,22022
Toyota,Pink,172932,5,12695
Nissan,Green,41585,5,11135
Toyota,White,53585,2,7722
Chevrolet,White,299102,5,29413
Toyota,White,298161,2,29236
Honda,Blue,289922,2,17514
Nissan,Pink,186313,2,13128
Nissan,Yellow,52229,4,6444
Chevrolet,Pink,96652,4,9618
Ferrari,Blue,259474,2,22331
Honda,Yellow,189436,5,20060
BMW,Pink,270116,2,3196
Toyota,White,29975,5,14297
Ford,Green,167795,2,4787
Toyota,Yellow,219373,5,25816
Toyota,Black,207133,4,28037
BMW,Black,190225,5,9927
Toyota,Red,299060,2,21702
Honda,Yellow,74324,4,27242
Honda,Green,186037,5,25073
Nissan,Blue,145720,5,4176
Chevrolet,White,176205,5,22127
Ferrari,Red,106059,5,10792
Ford,Black,108317,5,29228
Toyota,Blue,211207,4,22806
Toyota,Blue,111459,4,22208
BMW,White,247697,4,11171
Chevrolet,Yellow,210422,4,4451
Honda,Black,111520,2,2628
Ford,Green,71272,4,11821
Nissan,Blue,233224,5,9778
Honda,White,154832,5,5696
Chevrolet,Green,162999,4,22058
Ferrari,Yellow,71367,5,22313
Nissan,Black,239027,4,21149
Ferrari,Yellow,242750,5,22753
BMW,Blue,245806,2,14972
BMW,Green,193305,2,10307
Toyota,Green,54738,4,6956
Ferrari,Green,43397,4,12195
Chevrolet,Blue,212332,4,19076
Ford,Blue,121453,5,21546
Nissan,Yellow,29816,4,3105
Honda,Red,255011,2,21392
Chevrolet,Yellow,223567,5,20545
Chevrolet,Black,81635,4,17417
BMW,White,226184,5,26729
Ferrari,Green,192958,5,16188
Toyota,Red,287707,4,22083
Toyota,White,102324,5,14602
Nissan,Red,233536,2,22170
BMW,Pink,242944,2,11256
Chevrolet,Yellow,281991,5,22584
Ford,Blue,36155,4,16212
BMW,Green,126891,5,3913
Nissan,Yellow,159381,2,27792
Nissan,White,141691,5,23904
BMW,Pink,44707,5,12593
Nissan,Pink,207576,2,3772
BMW,Pink,188686,5,28536
Honda,White,232500,5,21164
BMW,White,272425,4,14996
Ferrari,White,168492,4,25807
BMW,White,180102,2,4871
Nissan,Pink,227285,2,15234
Ferrari,Pink,169476,2,19044
Nissan,Red,244554,4,24626
Toyota,Yellow,170928,2,29211
Toyota,Green,150272,2,12521
Ferrari,Blue,129273,2,12642
Honda,Pink,182307,4,3132
Toyota,Blue,258500,5,2699
BMW,Yellow,176129,2,16534
Nissan,Yellow,142311,5,25854
Toyota,Blue,244746,2,12230
Toyota,Pink,255546,5,8297
Honda,Blue,206733,4,14839
Ferrari,Red,136945,4,9812
Ferrari,Black,55272,2,6557
Chevrolet,Pink,156470,5,4179
Honda,Pink,130030,4,13030
BMW,Green,16570,2,11065
Ferrari,White,19110,2,10275
Nissan,Black,89141,4,19806
Honda,Yellow,22115,4,17089
Toyota,Pink,49062,2,29251
Nissan,Blue,295055,5,5180
Nissan,Black,114061,5,22700
Toyota,Green,11969,5,8696
Honda,Yellow,131863,2,11583
Toyota,White,282369,4,29794
Chevrolet,White,133008,2,18998
Nissan,Green,164268,4,15869
Ford,Green,115823,5,29547
Ford,Blue,285813,5,13757
BMW,Pink,120677,4,22954
Ferrari,White,256958,4,18654
Toyota,Yellow,58320,2,14258
Toyota,Black,156649,5,4468
BMW,Yellow,135354,2,16208
BMW,Red,98009,2,17042
BMW,Red,267437,2,27966
Nissan,Green,38625,5,17639
Chevrolet,Blue,222112,2,13546
Toyota,Red,296233,2,14327
Nissan,White,46487,2,16270
BMW,Yellow,238071,2,17523
Toyota,Yellow,183895,2,16300
Nissan,Green,111376,2,21991
Chevrolet,Pink,253341,5,12775
Nissan,Pink,291652,2,14265
Chevrolet,Black,168056,4,21459
BMW,Green,120169,2,18673
Chevrolet,Black,280269,2,26504
Toyota,Pink,46059,5,29056
BMW,Green,113409,5,8614
Toyota,Green,15704,4,5252
Ford,Green,214456,4,9415
Honda,Pink,228200,5,25155
Chevrolet,Black,121279,5,18662
Honda,Black,168280,2,13116
Honda,Green,128516,5,18964
Chevrolet,Red,207096,4,6958
BMW,Blue,242549,2,26829
Ford,Pink,39165,4,6276
Toyota,Blue,77203,2,26381
Nissan,Blue,276258,5,6776
Toyota,Black,46321,4,19208
Nissan,Black,255014,2,5832
Toyota,Red,166498,2,27275
Chevrolet,Blue,27772,5,16901
Ford,Blue,275856,5,7445
Nissan,Green,248389,5,3380
Ferrari,Black,125142,4,11865
BMW,Blue,101736,2,29303
Toyota,Yellow,61924,5,24918
Toyota,Red,13726,4,15926
Nissan,Yellow,37723,4,21540
BMW,Yellow,244182,4,13580
BMW,Pink,150180,5,22691
Chevrolet,Pink,218786,5,7634
Ferrari,Red,45643,2,26959
Chevrolet,Yellow,172396,2,7810
Chevrolet,Blue,224432,5,26917
Chevrolet,Black,149999,4,24318
Chevrolet,Red,89973,4,12179
Chevrolet,Green,119834,4,14251
Ford,Yellow,246386,2,15131
BMW,Red,297681,4,21493
Chevrolet,White,117522,2,22466
BMW,White,32612,2,14707
BMW,Pink,235049,4,29374
Honda,Black,278615,4,21624
Ford,Blue,176703,5,28564
Chevrolet,Black,250069,5,24412
Toyota,Black,233131,4,29990
Nissan,Black,41348,2,20233
Ferrari,Black,205804,2,26881
Toyota,Green,273321,2,4749
Ford,Green,145832,2,15156
Nissan,Pink,293780,2,25064
Ford,Red,91889,5,27711
BMW,White,63551,4,18589
Nissan,Black,152635,5,25736
BMW,Pink,56819,2,22975
Toyota,Red,222781,2,5450
Toyota,White,168059,2,9214
Nissan,Yellow,199420,2,22195
Nissan,Blue,34596,4,13814
Chevrolet,Green,69182,2,29127
Ford,Yellow,138803,4,7141
Chevrolet,White,149978,2,26885
Ford,Yellow,55379,4,4708
Chevrolet,Blue,255900,5,20375
BMW,Pink,268517,2,17088
Nissan,White,147084,4,26847
Toyota,Yellow,191187,5,13834
Ford,Green,279295,2,14278
Ford,Green,67716,2,12014
Toyota,Red,233725,2,5273
Chevrolet,Yellow,177450,4,16367
Ford,Black,183724,4,6538
Ferrari,Yellow,213502,5,14541
BMW,Pink,154539,4,10712
Nissan,White,131999,4,11168
Toyota,White,124793,2,22106
Nissan,Pink,22289,2,5551
Ferrari,Yellow,186048,2,14297
Ford,Pink,184668,2,12965
Ford,Blue,241513,2,29128
Ferrari,Pink,267368,2,4832
Toyota,Green,96365,2,24063
BMW,Pink,240662,5,24963
Honda,White,185211,5,15422
Toyota,Green,189785,5,2152
Honda,White,82588,5,24138
Ferrari,Red,73646,2,13156
Chevrolet,Black,275798,5,13108
Honda,White,290887,2,4800
BMW,Green,231097,5,7310
Chevrolet,Red,215244,4,11944
Honda,White,129735,5,4610
Ferrari,Blue,165683,5,14067
Chevrolet,Pink,117971,2,3104
Ferrari,Black,22149,5,12728
Honda,White,248976,4,25745
Ferrari,Red,52668,2,22583
BMW,Blue,98204,2,22238
Honda,Yellow,221830,5,9263
Honda,Red,206501,2,3914
Honda,Pink,175140,2,25749
Toyota,Red,229861,2,21456
Toyota,Blue,150507,2,27582
Toyota,Red,235160,2,2406
BMW,Blue,193321,2,15689
Chevrolet,White,47384,4,2166
Ferrari,Blue,91929,5,2508
Ford,Blue,86153,4,20045
Honda,Black,245128,2,5664
Ferrari,Blue,85388,2,21873
Honda,Blue,41401,5,15050
BMW,Yellow,212903,4,2680
Honda,White,129503,5,20908
Toyota,Pink,242601,4,20504
Ford,Black,137834,2,23644
Nissan,Yellow,44084,5,6357
Honda,Green,261459,5,3363
Ferrari,White,120641,2,11523
Toyota,White,115111,5,4292
Nissan,Green,148299,4,3538
Ford,Pink,172982,4,5408
Nissan,Blue,244386,4,26126
Toyota,Yellow,206553,4,10752
Chevrolet,Red,270337,2,27675
Chevrolet,Black,137556,5,20287
Nissan,Red,205246,4,2174
BMW,Green,36160,2,28732
Ferrari,White,256242,5,4230
Ferrari,Pink,27633,5,6287
Nissan,White,289158,2,22544
Honda,Black,59104,2,14112
Honda,White,78388,4,9106
Ferrari,White,26014,5,11689
Ferrari,Black,102578,5,14046
Chevrolet,Yellow,174827,2,21555
BMW,Yellow,50390,5,19951
Toyota,Black,295855,4,3151
Honda,Pink,101658,5,9619
Ferrari,Green,67993,2,8033
Chevrolet,White,215768,2,10560
Ford,Pink,168285,4,6946
Chevrolet,White,256860,4,26618
Honda,Green,279565,5,3907
Honda,Yellow,228008,5,5490
Chevrolet,Pink,27727,2,20919
Toyota,Blue,14358,4,6173
Nissan,Blue,267681,4,13065
Honda,Blue,104018,4,28400
Chevrolet,Yellow,136888,5,19677
Ferrari,Yellow,239104,4,6769
Chevrolet,Green,203510,2,6796
BMW,White,119847,2,15046
Nissan,Green,86329,5,16211
Ford,Green,41007,5,25255
Toyota,Yellow,180604,4,29962
Ford,Blue,22323,5,21356
Nissan,Red,122356,2,22306
Nissan,White,120944,4,6997
Nissan,Yellow,214451,2,25416
Ford,Blue,288600,4,19376
Ferrari,Pink,41367,5,10112
Nissan,Red,64624,4,7287
Chevrolet,Red,244565,4,12578
Ford,Yellow,78008,2,20624
Nissan,Black,126492,2,19860
Chevrolet,White,82240,4,8426
Ferrari,Red,211659,5,13599
BMW,Yellow,282900,5,2389
Ferrari,Yellow,145327,2,2999
Nissan,Blue,135703,5,14812
Ford,Pink,175575,2,17599
Honda,Black,84069,5,3855
Nissan,White,239189,4,10125
Honda,Green,261051,2,15794
Chevrolet,Pink,135541,2,27234
BMW,Pink,199648,4,4763
Toyota,Blue,266353,2,22047
Ferrari,Red,281830,5,6986
BMW,Red,141733,5,3481
Nissan,Blue,185915,2,25640
Honda,Yellow,105673,5,5731
Ferrari,Red,52828,2,25646
Honda,Black,282670,4,18835
Ford,White,35592,2,29051
Honda,Pink,272351,4,29798
Ford,Pink,242041,5,28113
Chevrolet,Black,240008,4,21477
Ferrari,Red,134982,5,19266
Ferrari,Pink,266911,2,22792
Toyota,Green,78619,5,22452
Nissan,White,170400,2,12758
Ford,White,161175,2,21661
Toyota,Pink,180963,4,18311
Honda,Blue,151826,4,10566
Honda,Pink,241055,4,13889
Toyota,Blue,108540,4,26335
Ferrari,Pink,112747,5,13254
Honda,Green,196994,5,23074
Chevrolet,Yellow,39301,5,13442
Chevrolet,White,232724,2,15521
Toyota,Pink,203783,5,22979
Ford,Green,182395,5,6559
Ford,Blue,28752,5,18199
Toyota,Blue,223277,4,9291
Ford,White,154467,5,10160
Ferrari,Black,227029,2,2112
Ferrari,Pink,66273,4,23515
Ford,Red,268503,2,21581
Chevrolet,Blue,101878,5,17924
Ford,Yellow,277039,4,28954
Ferrari,Yellow,129968,2,28500
BMW,Blue,86559,5,18523
Nissan,Black,20699,2,3424
Honda,Black,206133,2,21333
BMW,Green,19715,2,21552
Ford,Yellow,29169,5,27092
Chevrolet,Green,128413,5,12808
Toyota,Yellow,129264,2,8043
Ford,Pink,277926,4,8989
Chevrolet,Pink,229249,4,25620
Nissan,Red,134481,5,8261
Ford,Pink,225400,5,2887
Ferrari,Red,45585,5,21488
Toyota,Pink,188936,5,18433
Chevrolet,White,48067,5,22335
Chevrolet,Pink,183757,4,21944
Chevrolet,Green,263334,5,18402
Nissan,Blue,28073,2,23205
Ford,Green,46035,2,24724
Nissan,Blue,206049,4,26442
Honda,Black,243782,2,28049
Honda,Green,100373,4,14253
Ford,Black,100517,4,20990
Ferrari,Red,75450,2,9846
Nissan,Red,20382,5,27027
Toyota,White,212043,2,8432
Chevrolet,Pink,231427,2,15452
Chevrolet,Green,71929,4,15395
Ford,Black,243483,2,5765
Ferrari,Blue,238590,4,20822
Honda,Red,153401,5,17950
Honda,Pink,266677,5,14502
Chevrolet,Red,297313,5,11741
Ford,Blue,97468,2,24742
Nissan,Pink,44594,4,26703
Honda,Pink,201703,5,7941
Nissan,Black,55033,4,26028
Ferrari,Black,73133,4,6855
Honda,Green,83861,5,24931
Honda,Green,193362,5,25580
BMW,Yellow,50461,4,24295
Honda,Yellow,88222,5,24865
Toyota,White,122020,4,17166
Ford,Red,296370,4,21145
Ford,Green,278865,5,22840
Nissan,Black,30609,2,27991
Ferrari,Blue,140513,5,24745
Honda,Black,213981,2,24077
Toyota,Red,114211,4,7788
Nissan,Yellow,196321,4,2201
BMW,Black,39984,2,24544
Nissan,White,128947,4,12561
Nissan,Red,214894,2,18901
Honda,Yellow,15901,2,9737
BMW,Blue,172624,4,27917
Nissan,Yellow,232317,2,3988
Toyota,Pink,178757,5,17441
Toyota,White,155788,5,13737
Ford,Red,124099,4,16256
BMW,Blue,21138,4,22186
BMW,White,176370,2,24192
Ford,Yellow,33429,2,29851
Nissan,White,60200,2,9162
BMW,Red,212380,2,29010
Toyota,Green,258289,5,15065
Toyota,White,255127,5,24625
Honda,Pink,246513,4,16114
BMW,White,27347,2,10399
Nissan,Yellow,157992,2,7633
Ford,Yellow,41822,4,7755
Ford,Blue,50108,2,12825
Nissan,Yellow,17967,2,24693
Ferrari,Black,21871,2,6117
Chevrolet,Red,235371,2,26729
Honda,Red,218524,2,29942
Ford,Green,215342,4,3518
BMW,Green,174685,2,24547
Honda,Red,38179,4,18346
BMW,Pink,261537,2,4600
Ferrari,Green,193260,5,15237
Toyota,Blue,45262,5,20579
Honda,Yellow,70545,5,5554
Ford,Red,244555,5,28990
Honda,Green,233894,4,18193
Honda,Red,213218,4,21233
Honda,Black,52913,2,17253
Chevrolet,White,260497,5,18194
Honda,Yellow,187404,4,3742
BMW,Red,166104,2,3306
Toyota,White,178918,2,5849
Ferrari,Green,200546,4,14360
Nissan,White,54936,5,14768
Honda,Yellow,170866,2,25903
Ford,Red,202660,5,15032
Honda,Black,212056,5,6195
Ford,Pink,235469,5,23562
BMW,Green,38141,2,20939
Ford,Red,147478,5,20689
Nissan,Yellow,107359,2,9619
Toyota,Green,164363,5,11280
Ford,Blue,51568,2,4642
Ford,White,107539,5,11369
Toyota,Pink,56851,4,16296
Nissan,Yellow,64823,5,24793
Honda,Blue,33312,5,17438
Ford,Red,209900,2,17674
Toyota,Black,284555,2,6757
BMW,Green,259062,5,4994
Toyota,White,42371,4,27135
BMW,Green,67022,4,29540
Nissan,Pink,109071,2,17226
Honda,Red,192268,4,3271
Toyota,Green,298859,5,3813
Ferrari,White,299749,2,29491
Ferrari,Red,109853,5,27185
Chevrolet,Green,41174,2,20845
Ford,Black,86373,2,22504
Nissan,Yellow,203021,2,24508
Toyota,Red,203718,2,10475
Ferrari,Yellow,80017,4,29504
Ford,Red,73037,5,6396
Ferrari,Black,99818,5,11283
Toyota,Yellow,16548,5,15318
BMW,Blue,126981,2,19200
Toyota,White,244213,4,25688
Chevrolet,Blue,214366,5,25715
Toyota,Green,164249,4,2082
Toyota,Black,296166,2,3920
Chevrolet,Blue,116297,5,9817
Nissan,Red,146614,4,13683
Toyota,Green,232084,2,13336
Chevrolet,Green,70428,4,17596
Ford,Blue,163812,5,4093
BMW,Blue,123132,5,14905
BMW,Black,197604,2,25455
Toyota,White,26052,2,26351
Nissan,Blue,110689,2,10367
Nissan,Pink,188148,4,7285
Ford,Blue,141743,4,12896
Toyota,Yellow,272307,4,6937
BMW,Red,145870,2,18753
Nissan,Pink,294564,5,20202
Toyota,Pink,130575,5,20485
Ferrari,Yellow,268230,4,14977
Nissan,Yellow,20749,4,21874
Chevrolet,Green,114131,5,20163
Ferrari,White,166193,5,9674
Nissan,Red,235019,4,19748
BMW,Black,293367,4,25678
Honda,Pink,82930,5,29918
Ferrari,Black,155128,2,5676
Ford,Blue,298179,4,4426
Ford,Blue,266553,5,26648
BMW,Black,205113,5,26473
Nissan,Blue,63352,5,4962
Toyota,White,173856,5,2859
Nissan,Yellow,13191,2,14048
BMW,Blue,114576,5,6138
Ford,Green,205713,4,4424
Nissan,Blue,13631,2,27640
Ford,Red,147244,5,12409
Ferrari,White,230169,2,6017
Toyota,Red,100353,4,12451
Ferrari,Red,38671,5,12278
Ford,Green,132811,4,26944
Ford,White,192503,5,12996
Honda,White,231972,5,26726
Honda,White,263211,5,3134
Ferrari,White,234033,5,23550
Chevrolet,White,229861,5,7119
Ferrari,Green,164544,2,7694
Honda,Blue,190302,5,29360
Ford,Red,17099,5,24520
BMW,White,259686,2,23869
Ferrari,Pink,66492,2,6164
Ford,Blue,106722,2,20730
BMW,Blue,40111,2,7039
BMW,Red,73936,2,23281
Honda,Green,163686,2,16631
Ferrari,Black,233332,5,12442
Nissan,Black,211548,5,10252
Toyota,Blue,259031,4,23425
Honda,Yellow,73530,5,29586
Honda,Yellow,279932,5,22285
Nissan,Red,38082,2,19721
Toyota,Black,99570,2,19568
Ford,Blue,111015,5,22810
Chevrolet,Green,217888,4,3551
Ferrari,Black,157603,2,14625
Chevrolet,Blue,104439,5,3629
Ford,Blue,151214,5,27903
Honda,White,125053,4,19910
Toyota,Green,58355,4,28249
Honda,White,211139,2,3361
BMW,Red,244706,4,28149
Honda,White,135426,5,29262
Honda,Pink,74027,5,6370
Ford,White,169210,4,7283
Ford,Pink,102601,4,9610
Ford,Black,39956,4,12558
Chevrolet,Yellow,248340,4,16924
BMW,Blue,114797,2,16839
Ford,Pink,146511,4,13949
Toyota,Green,88815,2,12626
Chevrolet,White,49279,5,3993
Nissan,Pink,158702,4,2869
Toyota,Green,71063,2,3014
Ferrari,Yellow,259599,4,12103
Ferrari,Yellow,264311,5,18986
Toyota,White,137896,5,14013
Ford,Red,176216,5,2690
Nissan,White,232146,4,27069
Nissan,Black,218432,4,18873
Chevrolet,Pink,192051,2,25248
Nissan,Blue,107661,5,25624
Ferrari,Red,183672,4,12748
BMW,White,133257,5,26170
Ford,Green,279054,5,10024
Nissan,Red,44964,2,18678
Chevrolet,Pink,289297,2,7488
Ferrari,Red,240156,2,22411
BMW,Pink,118212,2,13035
Honda,White,49071,5,21296
Honda,Pink,122990,2,28293
BMW,Red,79519,2,29172
Ferrari,Green,19503,2,23128
Chevrolet,Yellow,201775,2,20257
BMW,Red,105457,5,14855
Ford,Pink,198938,2,21642
Ford,Yellow,157977,5,4817
Honda,Pink,55838,4,27020
Nissan,Green,99489,5,22025
Chevrolet,Pink,36806,5,6458
Honda,White,186072,2,7307
Nissan,Blue,80119,4,10933
Nissan,Red,195165,4,20425
Ford,Blue,115432,4,19063
Ferrari,Pink,187876,4,12659
Toyota,Green,94080,5,7738
Ferrari,Red,262791,4,7668
Toyota,Pink,87794,5,27934
BMW,Yellow,134447,5,16427
Ford,Black,130029,5,9697
Nissan,Pink,189830,4,26417
Chevrolet,Blue,47643,2,18446
Toyota,Red,197921,2,9829
Ferrari,Blue,169116,4,12751
Nissan,Red,25997,2,15450
Toyota,Pink,108605,2,9352
Toyota,White,235942,5,15516
Toyota,Yellow,155643,5,25299
Chevrolet,Pink,118255,4,10326
Ford,Blue,270298,4,5644
Chevrolet,Black,68005,2,23354
Honda,Black,227322,5,28711
Nissan,Green,199784,4,10003
Ford,Red,53541,4,5278
Ford,Blue,33387,4,9296
Ford,Green,189980,4,27398
Ferrari,Blue,95457,4,5074
Ford,Red,154129,4,15261
Chevrolet,Pink,74028,2,13173
Ford,Pink,129246,5,10312
BMW,Black,165930,5,25936
Nissan,Pink,189761,4,3637
Ford,Pink,54638,5,15652
Nissan,White,187558,5,7103
BMW,Black,30567,5,27500
BMW,Green,67804,4,19028
Nissan,Yellow,13754,4,4032
Toyota,White,37044,5,4761
Honda,Green,77260,5,17195
Ferrari,Red,76912,4,20452
Toyota,White,266695,2,18625
Toyota,Green,18706,5,4668
Chevrolet,Red,281038,2,16638
Ferrari,Black,192684,5,17954
Ferrari,Yellow,39725,2,19186
Toyota,Red,146998,2,23443
Ford,Pink,114555,2,14356
Chevrolet,Blue,271486,4,2195
Chevrolet,Red,281640,2,4187
BMW,Red,66447,2,13707
Ferrari,Yellow,170878,2,4330
Toyota,Blue,51321,5,28935
BMW,Pink,263113,2,23225
Nissan,Green,243103,5,5606
Honda,Green,65147,2,26852
Chevrolet,Red,101396,2,2060
Nissan,Blue,254839,4,29966
Nissan,Blue,31727,5,28489
Ford,Pink,249423,2,16387
Honda,Yellow,105081,5,5927
Nissan,Black,251130,5,8296
Nissan,Green,78056,4,15622
Honda,Yellow,144153,4,16125
Honda,White,175268,4,4591
Nissan,Green,177807,4,27142
Honda,Yellow,245821,4,14127
Nissan,Green,90102,4,17748
Nissan,Black,166570,4,28147
Ford,White,86865,4,8121
Toyota,Black,172728,2,3200
Nissan,Pink,77695,5,17721
BMW,White,127235,4,21238
Chevrolet,Red,118777,4,13087
Ferrari,Yellow,29033,5,25408
Toyota,White,151877,2,27812
Toyota,Pink,176923,5,8972
Toyota,Pink,36832,5,2136
Ford,Black,204509,4,19413
Nissan,Green,155016,5,17346
Ford,White,292017,5,28732
Nissan,Yellow,50372,4,20978
Ford,White,99464,4,25590
Ford,Blue,156451,4,2661
Chevrolet,Green,127322,4,4472
BMW,Yellow,177823,5,29253
Ford,Yellow,230894,5,28884
Chevrolet,Red,277254,2,2086
Honda,Black,284231,2,12704
BMW,Red,110483,5,8219
Ford,Yellow,19596,2,26527
Ferrari,Green,244627,5,18322
Toyota,White,117539,2,16749
Honda,White,28313,4,8968
Honda,Green,207621,2,29518
Chevrolet,Yellow,124914,4,21157
Honda,Pink,33705,4,29080
BMW,White,208436,4,15596
Ford,Pink,113892,4,29886
Ford,White,219717,2,3700
Ferrari,White,274167,5,4700
Toyota,Black,129654,4,25199
Chevrolet,Black,200868,2,13821
Toyota,Blue,90073,4,20031
Honda,Red,74429,2,24422
Ferrari,Green,114195,2,23548
Toyota,Green,202699,2,7520
BMW,Green,43848,5,13510
Ford,Blue,299910,2,5687
Honda,Black,78099,2,18980
Ferrari,Yellow,79122,5,22929
Toyota,Pink,157159,5,27060
Chevrolet,Pink,58868,2,10837
BMW,Yellow,129119,5,16955
BMW,Blue,278787,4,13281
Toyota,Yellow,119079,4,15917
Ford,Green,26029,5,6757
Toyota,Red,256353,5,15045
Honda,White,204718,2,22768
Toyota,Pink,78926,5,10912
BMW,Black,147069,2,6733
Ferrari,Black,52092,4,9081
Toyota,Blue,162889,5,10690
Ford,Black,178933,2,25501
Ferrari,Green,23428,2,23113
Chevrolet,Pink,185006,4,3673
Nissan,Yellow,256627,5,16318
Toyota,Green,255439,4,29643
Ford,Blue,151330,2,26690
Ferrari,Green,67775,2,13171
Ford,Yellow,222652,5,28312
Chevrolet,Red,277613,2,15545
BMW,Blue,147328,5,13803
Ford,Red,265158,4,25562
Ferrari,White,86256,5,28829
Ford,Red,142723,5,4294
Ford,White,191360,2,5630
Ford,White,299530,2,17093
Honda,Red,252634,5,18530
Honda,Blue,43787,2,16453
BMW,Yellow,31621,2,14174
Toyota,Green,87984,2,5453
Ford,Green,40447,5,6507
Chevrolet,Yellow,138046,2,24167
Toyota,Pink,225002,5,26135
Chevrolet,Pink,171326,2,12602
Toyota,White,126859,4,7628
BMW,White,198490,2,10328
Ford,Blue,13471,2,17534
Ford,Black,248404,5,21744
Nissan,Red,130312,5,21389
Chevrolet,White,236876,2,5552
Toyota,Green,149401,4,18402
Toyota,Blue,175937,2,4242
Honda,Red,56850,2,16665
Nissan,Blue,253306,4,24702
Ferrari,Red,103808,5,7097
Ferrari,Red,147469,2,10640
Honda,Yellow,238981,5,3948
Honda,White,176597,5,27521
Honda,Blue,63072,4,7618
Chevrolet,Blue,231178,4,6236
Chevrolet,Yellow,93820,5,25285
BMW,Green,33284,2,3920
BMW,Green,93369,5,13169
Honda,Pink,297266,2,6188
Nissan,White,222978,2,14207
Toyota,White,72812,4,2238
Chevrolet,Black,280143,2,2204
Nissan,Yellow,294580,2,12799
Ford,Green,143168,5,7552
Chevrolet,Red,254809,4,6927
Chevrolet,Blue,262164,2,29964
BMW,White,255317,2,13164
Toyota,Blue,298345,4,6390
Toyota,Blue,160787,5,21071
Ferrari,Black,170381,4,23335
Ferrari,Green,156150,4,17641
Ferrari,White,15105,2,8160
Ferrari,Blue,274983,2,23772
Ford,White,78920,5,27924
Ford,Red,52821,2,17810
Chevrolet,Black,135736,2,7126
Honda,Red,27069,4,2816
BMW,White,17531,2,15414
BMW,Pink,148808,5,27396
Ferrari,White,148782,4,2192
Chevrolet,Green,77155,5,20160
Nissan,Blue,72424,4,5645
Honda,Blue,142503,2,14816
Chevrolet,Red,215675,4,8314
Honda,Black,178553,4,26826
Honda,Pink,150629,2,20172
Honda,Yellow,141234,2,9374
Chevrolet,Blue,29675,5,5700
Ferrari,Green,83997,5,12655
BMW,Red,158087,2,17129
BMW,Red,241390,2,11359
Ferrari,Yellow,150905,2,5893
Honda,Green,280040,4,8811
Nissan,Black,261435,4,11288
Toyota,Green,51800,4,21063
Chevrolet,Black,106044,2,28423
Toyota,Green,277491,5,22288
Ferrari,Green,200135,2,25644
Nissan,White,143715,4,2504
Chevrolet,Red,290825,4,11813
